URL,Page Title,Meta Description,H1,All Headings,Page Type,Main Content,CTAs/Buttons,Internal Links,External Links,Word Count,Gemini Summary,Generated Q&A,Scrape Status
https://youtubetotranscript.com,Youtube to Transcript - Read Videos and Take Notes [100% Free ğŸ˜],"Get YouTube Transcript and use with chatGPT! ğŸš€ Paste a YouTube URL to generate the transcript. Copy with a click âš¡ï¸, Change language ğŸŒ and Translate to 125+ languages. Perfect for note-taking ğŸ“ or using with chatGPT! ğŸ’¬",Youtube to Transcript,"H1: Youtube to Transcript
H2: Effortlessly Generate YouTube Transcripts with Copy and Translation Features! ğŸš€
H2: New Features ğŸ˜
H2: How to Generate a YouTube Transcript ğŸ¥
H2: Why you need YouTube Transcript? ğŸ¤”
H3: For Note Takers ğŸ“
H3: For Content Creators ğŸ¬
H2: Pair YouTube Transcripts with AI tools ğŸ¤–
H2: FAQ
H3: Oops! Something went wrong.",content page,"Youtube to Transcript - Read Videos and Take Notes [100% Free ğŸ˜] cmd + d ctrl + d Bookmark us! Youtube to Transcript Generate YouTube Transcript for FREE. Access all Transcript Languages, Translate to 125+ Languages, Easy Copy and Edit! Get Free Transcript or Add to Chrome Get transcript without leaving YouTube! One-click Copy Supports Translation Multiple Languages Your YouTube transcript scraper broke? Try our reliable API with low bulk pricing Effortlessly Generate YouTube Transcripts with Copy and Translation Features! ğŸš€ Use YouTube To Transcript to effortlessly extract the transcript from any YouTube video. But that's not all! We've added powerful new features to make learning, creating, and sharing easier than ever. New Features ğŸ˜ Remove Unwanted Sections : Cut out sponsored segments, intros, outros, or anything else you don't need. Free AI Prompt Library : Access a collection of prompts to use with your transcript for generating summaries, notes, creative content, and more! Translation : Choose the language for the transcript and translate it to over 125 languages. How to Generate a YouTube Transcript ğŸ¥ Paste the YouTube video link and click ""Get Transcript."" Customize your transcript by removing unwanted sections and selecting your language. Explore our AI Prompt Library and take your transcript to the next level! Try it below ğŸ‘‡ Get Free Transcript You will also receive: Embedded Player : To view the video and transcript side by side. Copy Button : To copy the transcript with one click. Change Language Button : To change the language of the transcript. Translation Button : To translate the transcript to over 125 languages. Click on any line in the transcript to jump to that part of the video. ğŸ” Why you need YouTube Transcript? ğŸ¤” YouTube videos are invaluable for learning and entertainment. However, sometimes you need to take notes or share the content with someone who prefers reading . This tool makes it a breeze to obtain the transcript from any YouTube video. For Note Takers ğŸ“ It can be challenging to follow along with a video while taking notes. With the transcript, you can easily copy and paste the text into your notes. Even better, you can paste the YouTube transcript into chatGPT or other AI tools to quickly make notes for you . Some Podcasts are uploaded on YouTube, and you can get their transcript to use for note-taking. We also provide an embedded player where you can view the video and transcript simultaneously. You can click on any line in the transcript to jump to that part in the video. If the video is not in your native language, you can translate the transcript to your language , making learning and note-taking a breeze. For Content Creators ğŸ¬ Content creators can use this tool to research and create content effortlessly. Simply add your YouTube video URL and get the transcript. You can use the transcript to craft blog posts, articles, or detailed show notes related to your video content. Some ideas that we love: Create Quiz, Meme, Infographic , and more from the transcript. Reuse old content to increase engagement! Summarize the transcript and add it to the video description to rank higher in search engines. Extract key points from the transcript to create engaging social media posts that entice viewers to watch the full video. Use the transcript as a foundation for blog posts, articles, or detailed show notes related to your video content. Some people prefer reading over watching videos. This will help you reach a wider audience. Add summaries and key points to blog posts, tweets, newsletter, and more. Pair YouTube Transcripts with AI tools ğŸ¤– Using AI to learn, create content, and take notes is the future. You can use the transcript with other AI tools to generate summaries, notes, or even generate a new video with the transcript. Some Ideas to use the transcript with other AI tools are: Generate notes Extract key points Generate summary Generate questions and answers aka generate quiz Extract powerful quotes from the video Ask questions and get answers from the video Find more information about the topics mentioned in the video Create Fan quizzes and trivia. Create memes and infographic FAQ Is YouTube To Transcript free to use? Yes, YouTube To Transcript is completely free to use. You can easily extract subtitles/transcripts generated by YouTube from YouTube videos without any cost. How do I access the transcript after generating it? Once you've generated the transcript, you can copy it with just one click using the provided Copy button. You can also view the transcript alongside the video using the Embedded Player. Can I translate the transcript to other languages? Absolutely! YouTube To Transcript allows you to translate the subtitles/transcript to over 125 languages. Simply select your desired language using the Change Language button. Is there a limit to the length of the video I can transcribe? Currently, there are no limits on the length of the video you can transcribe. You can transcribe videos of any duration seamlessly. How long does it take to generate the transcript? The transcript is generated almost instantly after you paste the YouTube video link and click ""Get Transcript."" You'll have your transcript ready within seconds! Can I download the transcript? Currently, we do not offer a download option for the transcript directly from our platform. However, you can easily copy the transcript and paste it into your preferred document or application for further use. We plan to support this feature in the future. Is there a limit to the number of transcripts I can generate? No, there are no limits on the number of transcripts you can generate. Feel free to transcribe as many YouTube videos as you need! Get YouTube Transcript For Free! Disclaimer: YouTubeToTranscript.com is an independent service and is not associated or affiliated with YouTube or Google. Any brand names or logos displayed on this site are used for illustrative purposes only and do not imply endorsement or partnership. âœ• Oops! Something went wrong. It seems our Consent Manager ( CMP ) couldn't load properly. To ensure you have the best experience on our site, please consider disabling your ad-blocker or adjusting your browser's privacy settings to allow the loading of our Cookie Consent Manager and Google Tag Manager . Many features of this site may not work as intended until you do so. Close Close","Get Free Transcript
âœ•
Close
YouTubeToTranscript.com
Get YouTube Transcript For Free!
Contact","https://transcriptapi.com/?ref=youtubetotranscript.com
https://youtubetotranscript.com/contact
https://youtubetotranscript.com/terms
https://youtubetotranscript.com/privacy
https://youtubetotranscript.com/
https://youtubetotranscript.com/auth/login?redirect_url=https%3A//youtubetotranscript.com/
https://youtubetotranscript.com
https://youtubetotranscript.com/transcript?v=1WEAJ-DFkHE&current_language_code=en","https://tally.so/r/3yQ7lW?email=&name=
https://chromewebstore.google.com/detail/youtube-to-transcript-ai/bcmoplgjpddohaelhnnodojbamdobbhc",1061,,,OK
https://transcriptapi.com,TranscriptAPI.com - YouTube Transcript API & MCP Integration,"Get YouTube video transcripts with a simple API call or through Model Context Protocol. Fast, reliable, and easy to integrate into your applications.",,,content page,TranscriptAPI.com - YouTube Transcript API & MCP Integration,,,,8,,,OK
https://youtubetotranscript.com/contact,Contact Us | YoutubetoTranscript.com,Contact the folks YoutubetoTranscript.com,Contact Us,"H1: Contact Us
H3: Oops! Something went wrong.",contact,"Contact Us | YoutubetoTranscript.com Contact Us If the form is not visible, please email us at: [email&#160;protected] . Disclaimer: YouTubeToTranscript.com is an independent service and is not associated or affiliated with YouTube or Google. Any brand names or logos displayed on this site are used for illustrative purposes only and do not imply endorsement or partnership. Read the rest of the disclaimer here. âœ• Oops! Something went wrong. It seems our Consent Manager ( CMP ) couldn't load properly. To ensure you have the best experience on our site, please consider disabling your ad-blocker or adjusting your browser's privacy settings to allow the loading of our Cookie Consent Manager and Google Tag Manager . Many features of this site may not work as intended until you do so. Close Close","âœ•
Close
YouTubeToTranscript.com
Contact","https://transcriptapi.com/?ref=youtubetotranscript.com
https://youtubetotranscript.com/contact
https://youtubetotranscript.com/terms
https://youtubetotranscript.com/privacy
https://youtubetotranscript.com/
https://youtubetotranscript.com/auth/login?redirect_url=https%3A//youtubetotranscript.com/contact",https://tally.so/r/3yQ7lW?email=&name=,130,,,OK
https://youtubetotranscript.com/auth/login,Sign In - YouTube To Transcript,Sign in to your YouTube To Transcript account to access personalized features and save your transcripts.,,H2: Welcome Back,content page,Sign In - YouTube To Transcript Welcome Back Sign in to your account Continue with Google or Email Password Forgot password? Sign In Don't have an account? Create one,"Continue with Google
Sign In
YouTubeToTranscript.com
Contact","https://youtubetotranscript.com/contact
https://youtubetotranscript.com/terms
https://youtubetotranscript.com/privacy
https://youtubetotranscript.com/
https://youtubetotranscript.com/auth/forgot-password
https://youtubetotranscript.com/auth/signup",,29,,,OK
https://youtubetotranscript.com/transcript,,,,,,,,,,0,,,HTTP 403
https://youtubetotranscript.com/auth/forgot-password,Reset Password - YouTube To Transcript,Reset your YouTube To Transcript account password to regain access to your account.,,H2: Reset Password,content page,Reset Password - YouTube To Transcript Reset Password Enter your email address and we'll send you a link to reset your password. Email Address Send Reset Link Remember your password? Sign in Didn't receive an email? Check your spam folder or contact support,"Send Reset Link
YouTubeToTranscript.com
Contact
contact support","https://youtubetotranscript.com/contact
https://youtubetotranscript.com/terms
https://youtubetotranscript.com/privacy
https://youtubetotranscript.com/
https://youtubetotranscript.com/auth/login",,43,,,OK
https://youtubetotranscript.com/auth/signup,Create Account - YouTube To Transcript,Create your YouTube To Transcript account to access personalized features and save your transcripts.,,H2: Create Account,content page,"Create Account - YouTube To Transcript Create Account Join us today Continue with Google or First Name Last Name Email Password Confirm Password I agree to the Privacy Policy and Terms of Service By continuing, you agree to our Privacy Policy and all associated terms. Create Account Already have an account? Sign in","Continue with Google
Create Account
YouTubeToTranscript.com
Contact","https://youtubetotranscript.com/contact
https://youtubetotranscript.com/terms
https://youtubetotranscript.com/privacy
https://youtubetotranscript.com/
https://youtubetotranscript.com/auth/login",,53,,,OK